producto,variante,renov_7d,renov_30d,renov_3m,renov_12m
Hair Biolabs REDENSIFY™ Sérum de Triple Acción- Para la Caida en 14 dias,1 mes,115,485,1477,5856
Sérum Anticaída de Doble Acción | Hair Biolabs™,1 mes,91,364,1087,4343
Hair Biolabs REDENSIFY™ Sérum de Triple Acción- Para la Caida en 14 dias,2 meses,9,37,166,783
Sérum Anticaída de Doble Acción | Hair Biolabs™,3 meses,7,26,226,892
Sérum Anticaída de Doble Acción | Hair Biolabs™,2 meses,4,48,195,866
Hair Biolabs™ | Sérum Anticaída de Doble Acción,1 mes,4,7,24,100
Serum Anticaída Hair Biolabs™,3 meses,3,5,66,261
Serum Anticaída Hair Biolabs™,2 meses,3,30,87,338
Serum Anticaída de Doble Acción | Hair Biolabs®,1 mes,3,20,58,229
Serum Anticaída Hair Biolabs™,1 mes,3,44,135,542
Hair Biolabs REDENSIFY™ Sérum de Triple Acción- Para la Caida en 14 dias,3 meses,1,10,115,461
Oferta Limitada Hair Biolabs REDENSIFY™ Sérum de Triple Acción,2 meses,1,1,2,7
Hair Biolabs™ | Sérum Anticaída de Doble Acción,3 meses,1,1,10,44
Hair Biolabs REDENSIFY™ Sérum de Triple Acción - Frena la Caida en 14 dias,1 mes,1,18,55,217
Serum Anticaída de Doble Acción | Hair Biolabs®,3 meses,0,0,36,144
Serum Anticaída de Doble Acción | Hair Biolabs®,2 meses,0,11,22,66
Oferta Limitada Hair Biolabs REDENSIFY™ Sérum de Triple Acción,3 meses,0,0,1,4
Oferta Limitada | Sérum Anticaída de Doble Acción Hair Biolabs™,1 mes,0,6,18,72
Hair Biolabs™ | Sérum Anticaída de Doble Acción,2 meses,0,2,6,23
Hair Biolabs REDENSIFY™ Sérum de Triple Acción | 1+1 GRATIS,2 sérum,0,3,6,18
Serum Anticaída de Doble Acción - Hair Biolabs®,3 meses,0,0,1,4
Hair Biolabs REDENSIFY™ Sérum de Triple Acción - Frena la Caida en 14 dias,2 meses,0,5,11,36
Sérum Anticaída de Doble Acción - Hair Biolabs®,3 meses,0,14,14,59
Hair Biolabs REDENSIFY™ Sérum de Triple Acción - Frena la Caida en 14 dias,3 meses,0,0,7,28
Oferta Limitada | Sérum Anticaída de Doble Acción Hair Biolabs™,3 meses,0,0,1,4
Hair Biolabs™ Prueba,1 mes,0,1,3,12
Hair Biolabs™ Sérum Anticaída de Doble Acción 1+1 GRATIS,2 sérum,0,3,7,23
